EMAIL CLIENT,PRENOM CLIENT,NOM CLIENT
Vesta.Beer-Kessler@yahoo.com,Vesta,Beer-Kessler
Magdalena.Sanford13@yahoo.com,Magdalena,Sanford
Weldon.Ratke81@hotmail.com,Weldon,Ratke
Easter_Jast3@yahoo.com,Easter,Jast
Nathen15@yahoo.com,Nathen,Ullrich
Sabryna_Windler@hotmail.com,Sabryna,Windler
Walker.Hodkiewicz2@yahoo.com,Walker,Hodkiewicz
Jonatan31@gmail.com,Jonatan,Wiza
Bridie_Lindgren@gmail.com,Bridie,Lindgren
Francesco.Bernier94@gmail.com,Francesco,Bernier
Chloe_Thiel97@yahoo.com,Chloe,Thiel
Geovany.Bahringer@gmail.com,Geovany,Bahringer
Jeramy_Kuhic22@hotmail.com,Jeramy,Kuhic
Lamar88@hotmail.com,Lamar,Oberbrunner
Antone.Metz-Mitchell@gmail.com,Antone,Metz-Mitchell
Karina_Turcotte@hotmail.com,Karina,Turcotte
Jordyn.Littel45@hotmail.com,Jordyn,Littel
Olin72@yahoo.com,Olin,Bayer
Adolf_Schiller@yahoo.com,Adolf,Schiller
Dudley_Gerhold@hotmail.com,Dudley,Gerhold
Blake_Roob49@hotmail.com,Blake,Roob
Eudora_Hilll77@gmail.com,Eudora,Hilll
Adrien71@yahoo.com,Adrien,Jacobson
Raleigh36@hotmail.com,Raleigh,Walker
Marcus_Bergstrom49@gmail.com,Marcus,Bergstrom
Tyreek90@hotmail.com,Tyreek,Keeling
Frederic.Larkin40@hotmail.com,Frederic,Larkin
Quinn.Kihn73@hotmail.com,Quinn,Kihn
Gaston62@gmail.com,Gaston,Breitenberg-Mosciski
Kaleb.Conn68@hotmail.com,Kaleb,Conn
Annabel84@gmail.com,Annabel,Runolfsdottir
Mike_Luettgen81@gmail.com,Mike,Luettgen
Durward_Brown@yahoo.com,Durward,Brown
Elijah.Konopelski61@yahoo.com,Elijah,Konopelski
Hipolito85@hotmail.com,Hipolito,Williamson
Lamont_Morar79@hotmail.com,Lamont,Morar
Neva.Schulist93@hotmail.com,Neva,Schulist
Norberto_Connelly@yahoo.com,Norberto,Connelly
Emilio83@yahoo.com,Emilio,Kuhlman
Emelie_Deckow@yahoo.com,Emelie,Deckow
Alverta_Tillman@yahoo.com,Alverta,Tillman
Russel_Medhurst46@gmail.com,Russel,Medhurst
Halie_Gorczany16@hotmail.com,Halie,Gorczany
Loyal_Bartoletti96@yahoo.com,Loyal,Bartoletti
Francis35@hotmail.com,Francis,Reichel
Pamela_Stanton@gmail.com,Pamela,Stanton
Daphney74@hotmail.com,Daphney,Morissette
Hunter.Keeling@yahoo.com,Hunter,Keeling
Alyson6@yahoo.com,Alyson,Welch
Deven_Harris@yahoo.com,Deven,Harris
Elnora.Marquardt@yahoo.com,Elnora,Marquardt
Estevan.King@yahoo.com,Estevan,King
Kacey_Borer@gmail.com,Kacey,Borer
Ferne34@yahoo.com,Ferne,Goyette
Theron_Waelchi@yahoo.com,Theron,Waelchi
Stephan_Mayer62@hotmail.com,Stephan,Mayer
Trinity4@gmail.com,Trinity,Crist
Sadye.Mills8@gmail.com,Sadye,Mills
Rylan.Bergnaum76@yahoo.com,Rylan,Bergnaum
Shakira_Runolfsdottir54@hotmail.com,Shakira,Runolfsdottir
Margie57@gmail.com,Margie,Gislason
Ervin23@gmail.com,Ervin,Rodriguez-Emmerich
Cathy91@gmail.com,Cathy,Daniel
Myra91@hotmail.com,Myra,Effertz
Dennis_Schumm92@hotmail.com,Dennis,Schumm
Dillon_Dach71@gmail.com,Dillon,Dach
Dixie97@yahoo.com,Dixie,Torp
Alphonso.Roob3@hotmail.com,Alphonso,Roob
Nayeli.Stanton@hotmail.com,Nayeli,Stanton
Kaitlin_Walter40@yahoo.com,Kaitlin,Walter
Preston_Kohler41@hotmail.com,Preston,Kohler
Hosea16@hotmail.com,Hosea,Collins
Laverne.Farrell62@gmail.com,Laverne,Farrell
Kaden_Robel@gmail.com,Kaden,Robel
Annabel.Crist62@gmail.com,Annabel,Crist
Aglae_Schinner14@gmail.com,Aglae,Schinner
Keara45@gmail.com,Keara,Bashirian
Gerard17@yahoo.com,Gerard,Donnelly
Norwood17@hotmail.com,Norwood,Robel
Kathlyn21@hotmail.com,Kathlyn,Huel
Euna47@hotmail.com,Euna,Weber
Paula.Willms45@gmail.com,Paula,Willms
Kira49@hotmail.com,Kira,McKenzie
Raina.Cremin3@hotmail.com,Raina,Cremin
Martina.Stroman89@gmail.com,Martina,Stroman
Paris92@hotmail.com,Paris,Hegmann-Strosin
Connor36@yahoo.com,Connor,Emmerich
Aimee_Harris@gmail.com,Aimee,Harris
Eveline.Jacobi37@hotmail.com,Eveline,Jacobi
Henry.Stoltenberg60@gmail.com,Henry,Stoltenberg
Coleman97@yahoo.com,Coleman,Collier-Monahan
Melody_Borer@gmail.com,Melody,Borer
Carley48@gmail.com,Carley,Jakubowski
Grayce_Nader@gmail.com,Grayce,Nader
Darius_Dickinson34@gmail.com,Darius,Dickinson
Angel88@gmail.com,Angel,Simonis
Jess.Brekke7@yahoo.com,Jess,Brekke
Abbigail0@hotmail.com,Abbigail,Goodwin
Fanny.Beier@yahoo.com,Fanny,Beier
Marjorie87@yahoo.com,Marjorie,Grant
Arjun.Turner@gmail.com,Arjun,Turner
Daryl99@hotmail.com,Daryl,Satterfield
Rahsaan_Koepp88@gmail.com,Rahsaan,Koepp
Ramon_Huels@hotmail.com,Ramon,Huels
Patricia.Turcotte98@hotmail.com,Patricia,Turcotte
Albin_Prohaska87@yahoo.com,Albin,Prohaska
Bradford.Macejkovic@hotmail.com,Bradford,Macejkovic
Jeffrey.Lebsack52@gmail.com,Jeffrey,Lebsack
Justice28@hotmail.com,Justice,Olson
Maya_Bogan@gmail.com,Maya,Bogan
Charles58@yahoo.com,Charles,Kuhic
Nelson_Moen23@hotmail.com,Nelson,Moen
Curtis.Lakin@gmail.com,Curtis,Lakin
Raymond_Strosin@gmail.com,Raymond,Strosin
Anita.Weber@yahoo.com,Anita,Weber
Marvin_Abshire-Schaden@hotmail.com,Marvin,Abshire-Schaden
Sister_Lindgren@hotmail.com,Sister,Lindgren
Jairo33@yahoo.com,Jairo,Hayes
Jovanny18@gmail.com,Jovanny,Rodriguez
Alvah.Lang@yahoo.com,Alvah,Lang
Xander.Hoppe-Beatty64@hotmail.com,Xander,Hoppe-Beatty
Alexandre.Erdman@yahoo.com,Alexandre,Erdman
Peyton.Weimann12@gmail.com,Peyton,Weimann
Florida.Lockman94@yahoo.com,Florida,Lockman
Giles20@yahoo.com,Giles,Wolff
Maybelle82@yahoo.com,Maybelle,Borer
Annamarie.Bergstrom@yahoo.com,Annamarie,Bergstrom
Hazel87@yahoo.com,Hazel,Olson-Yundt
Cierra_Pagac@yahoo.com,Cierra,Pagac
Ronny_Greenfelder@yahoo.com,Ronny,Greenfelder
Justice_Runolfsdottir@yahoo.com,Justice,Runolfsdottir
Gladys.Lang85@yahoo.com,Gladys,Lang
Pearlie25@yahoo.com,Pearlie,Windler
Chaya65@gmail.com,Chaya,D'Amore
Therese.Hand@gmail.com,Therese,Hand
Tina.DAmore@yahoo.com,Tina,D'Amore
Rebeca.Skiles@gmail.com,Rebeca,Skiles
Broderick69@gmail.com,Broderick,Koelpin
Jared_Bergstrom@yahoo.com,Jared,Bergstrom
Justice60@gmail.com,Justice,Armstrong
Kellen_Christiansen@yahoo.com,Kellen,Christiansen
Abdiel.Wiegand60@hotmail.com,Abdiel,Wiegand
Freeman.Sipes83@hotmail.com,Freeman,Sipes
Niko_Durgan@yahoo.com,Niko,Durgan
Oral34@yahoo.com,Oral,Muller
Joanne_Kunze67@hotmail.com,Joanne,Kunze
Jaiden_Ziemann-DuBuque23@hotmail.com,Jaiden,Ziemann-DuBuque
Sonny_Torp56@yahoo.com,Sonny,Torp
Bret_Jenkins-Wolff@yahoo.com,Bret,Jenkins-Wolff
Veronica8@yahoo.com,Veronica,Lubowitz
Demarcus_Rau@yahoo.com,Demarcus,Rau
Mercedes85@gmail.com,Mercedes,Pfannerstill
Vance.Reichel@gmail.com,Vance,Reichel
Kory53@yahoo.com,Kory,Gerhold
Juliana43@gmail.com,Juliana,Luettgen
Riley47@yahoo.com,Riley,Mohr
Tara_Strosin@yahoo.com,Tara,Strosin
Dorothy.Keebler@gmail.com,Dorothy,Keebler
Gina_Veum87@hotmail.com,Gina,Veum
Brook_Yundt@gmail.com,Brook,Yundt
Esteban88@hotmail.com,Esteban,Cummings
Filomena.Windler@hotmail.com,Filomena,Windler
Mabel.Ryan@gmail.com,Mabel,Ryan
Madison_Wiza@hotmail.com,Madison,Wiza
Dameon.Mayer@gmail.com,Dameon,Mayer
Lucius.Klocko@hotmail.com,Lucius,Klocko
Daren_Rosenbaum@hotmail.com,Daren,Rosenbaum
Anahi.Smith71@hotmail.com,Anahi,Smith
Howell.Stehr-Predovic@yahoo.com,Howell,Stehr-Predovic
Brant.Miller@yahoo.com,Brant,Miller
Pansy.Boehm@yahoo.com,Pansy,Boehm
Aron.Ortiz@hotmail.com,Aron,Ortiz
Margaretta_Hickle@yahoo.com,Margaretta,Hickle
Scarlett71@gmail.com,Scarlett,Graham
Nona27@hotmail.com,Nona,Moore
Amalia3@yahoo.com,Amalia,Stracke
Albina26@hotmail.com,Albina,Macejkovic
Elisabeth_Brown25@hotmail.com,Elisabeth,Brown
Maritza.Collins66@yahoo.com,Maritza,Collins
Alexandre_Gleason@hotmail.com,Alexandre,Gleason
Domenic18@yahoo.com,Domenic,McDermott
Lisandro_Rempel@hotmail.com,Lisandro,Rempel
Ron59@yahoo.com,Ron,Kling
Lloyd35@yahoo.com,Lloyd,Torphy
Liza.Ortiz@gmail.com,Liza,Ortiz
Kali.Moore@hotmail.com,Kali,Moore
Ivy.Friesen9@yahoo.com,Ivy,Friesen
Nora70@hotmail.com,Nora,Hirthe
Enola5@yahoo.com,Enola,Franey
Kaleb_Denesik90@yahoo.com,Kaleb,Denesik
Kellie.Anderson@yahoo.com,Kellie,Anderson
Melvin.West48@yahoo.com,Melvin,West
Dedric_Marquardt@gmail.com,Dedric,Marquardt
Arnold.Lebsack3@yahoo.com,Arnold,Lebsack
Rachel_Gerhold38@gmail.com,Rachel,Gerhold
Kamron.Lindgren@yahoo.com,Kamron,Lindgren
Petra56@yahoo.com,Petra,Stoltenberg
Anastasia.Block21@gmail.com,Anastasia,Block
Corene.Swaniawski@yahoo.com,Corene,Swaniawski
Elvie2@hotmail.com,Elvie,Rosenbaum
